<?xml version="1.0" encoding="utf-8"?>

	<Course>
	<ComputerScience>
		<StudentName> Aditya Patil </StudentName>
		<ClassName>TY.Bsc(CS)</ClassName>
		<Percentage>95</Percentage>
	</ComputerScience>

        <ComputerScience>
                <StudentName> Yash Chavan </StudentName>
                <ClassName>TY.Bsc(CS)</ClassName>
                <Percentage>96</Percentage>
        </ComputerScience>

        <ComputerScience>
                <StudentName> Pranav Shinde </StudentName>
                <ClassName>TY.Bsc(CS)</ClassName>
                <Percentage>100</Percentage>
        </ComputerScience>

        <ComputerScience>
                <StudentName> Omkar More </StudentName>
                <ClassName>TY.Bsc(CS)</ClassName>
                <Percentage>98</Percentage>
        </ComputerScience>

        <ComputerScience>
                <StudentName> Abhijeet Kulkarni </StudentName>
                <ClassName>TY.Bsc(CS)</ClassName>
                <Percentage>90</Percentage>
        </ComputerScience>
        </Course>


