<?xml version="1.0" ?>

<course>
<Computer_Science>
<Student_name>Anuja  </Student_name>
<Class_name>TY-B </Class_name>
<percentage>89 </percentage>

<Student_name>Bhagya  </Student_name>
<Class_name>TY-B </Class_name>
<percentage>90 </percentage>

<Student_name>Vrushali </Student_name>
<Class_name>TY-B </Class_name>
<percentage>95 </percentage>

<Student_name>Neha </Student_name>
<Class_name>TY-B </Class_name>
<percentage>96 </percentage>

<Student_name>Aditi </Student_name>
<Class_name>TY-B </Class_name>
<percentage>98 </percentage>

</Computer_Science>
</course>
