<?xml version="1.0" ?>

<course>
<Computer_Science>
<Student_name>Rangnath </Student_name>
<Class_name>TY-B </Class_name>
<percentage>89 </percentage>

<Student_name="sangram"> </Student_name>
<Class_name>TY-B </Class_name>
<percentage>90 </percentage>

<Student_name>Vishwajeet </Student_name>
<Class_name>TY-B </Class_name>
<percentage>95 </percentage>

<Student_name>samarth</Student_name>
<Class_name>TY-B </Class_name>
<percentage>96 </percentage>

<Student_name>adiya </Student_name>
<Class_name>TY-B </Class_name>
<percentage>98 </percentage>

</Computer_Science>
</course>
